year,month,day,emp,emp_incq1,emp_incq2,emp_incq3,emp_incq4,emp_incmiddle,emp_incbelowmed,emp_incabovemed,emp_subset_unweighted_q1,emp_subset_unweighted_q2,emp_subset_unweighted_q3,emp_subset_unweighted_q4,emp_subset_reweighted_q1,emp_subset_reweighted_q2,emp_subset_reweighted_q3,emp_retail,emp_s72,emp_retail_inclow,emp_retail_incmiddle,emp_retail_inchigh,emp_ss40,emp_ss60,emp_ss65,emp_ss70
2020,1,17,0.00102,0.00186,-9.91e-05,0.0029,-0.000442,0.00132,0.000609,0.00141,0.00171,-0.000189,0.00289,-0.000481,0.00104,-0.00108,0.00273,0.0004,0.000334,0.00224,0.000783,-0.0045,0.000821,0.00153,0.000921,0.000501
2020,1,24,0.000266,-0.00161,0.00215,0.00148,-0.00236,0.00183,0.00079,-0.000236,-0.00156,0.00209,0.00148,-0.00232,-0.00626,0.00189,0.00139,-0.00101,0.00198,-0.00404,0.00232,-0.00991,-0.000252,-0.000702,0.00129,0.00191
2020,1,31,-0.000361,-0.00447,0.00316,-0.000339,-0.00203,0.0015,0.000406,-0.0011,-0.00428,0.00314,-0.000308,-0.00193,-0.0103,0.00477,-0.000356,-0.00229,0.000958,-0.00982,0.0013,-0.00426,-0.00149,-0.00124,0.00297,0.00144
2020,2,7,0.000152,-0.00784,0.00367,0.000599,0.000955,0.00221,-0.000482,0.000758,-0.00757,0.00374,0.000671,0.00112,-0.0124,0.00627,0.000767,-0.00345,0.000473,-0.0148,0.000498,-0.000202,-0.00191,0.000489,0.00542,0.00163
2020,2,14,0.00114,-0.0106,0.00166,0.00442,0.0054,0.00297,-0.00275,0.00486,-0.0103,0.00186,0.00447,0.0056,-0.015,0.00326,0.00443,-0.00317,0.00143,-0.0136,0.00103,-0.00248,-0.00211,0.00249,0.00673,0.00292
2020,2,21,0.00245,-0.0147,-0.0007,0.0102,0.0104,0.00446,-0.00574,0.0103,-0.0142,-0.000387,0.0102,0.0107,-0.0197,-0.00174,0.00972,-0.000905,0.00289,-0.0171,0.00504,0.00242,-0.00164,0.00321,0.0076,0.00466
2020,2,28,0.00211,-0.0196,-0.00157,0.0119,0.0119,0.00481,-0.00808,0.0119,-0.0191,-0.00115,0.012,0.0122,-0.0257,-0.00408,0.0114,-0.00142,0.00157,-0.0271,0.00646,0.0105,-0.00288,0.00274,0.00701,0.00395
2020,3,6,-0.000972,-0.0235,-0.00373,0.00941,0.00734,0.00251,-0.0108,0.00849,-0.0228,-0.00322,0.00956,0.0077,-0.0301,-0.00535,0.00991,-0.00578,-0.00849,-0.0347,0.00321,0.0071,-0.00596,0.00115,0.00297,-0.00447
2020,3,13,-0.0172,-0.0448,-0.0182,-0.00617,-0.00805,-0.0125,-0.0278,-0.00701,-0.0443,-0.0179,-0.00619,-0.00781,-0.0479,-0.0174,-0.0021,-0.0237,-0.0644,-0.0542,-0.0128,-0.0163,-0.0196,-0.009,-0.0133,-0.0554
2020,3,20,-0.0669,-0.116,-0.0703,-0.0506,-0.0447,-0.0609,-0.0868,-0.048,-0.116,-0.0704,-0.051,-0.0447,-0.103,-0.0604,-0.0387,-0.0786,-0.217,-0.124,-0.063,-0.0649,-0.0618,-0.0389,-0.0614,-0.2
2020,3,27,-0.142,-0.225,-0.159,-0.113,-0.09,-0.137,-0.183,-0.102,-0.225,-0.159,-0.113,-0.0901,-0.186,-0.134,-0.0917,-0.169,-0.418,-0.24,-0.151,-0.12,-0.131,-0.0832,-0.139,-0.394
2020,4,3,-0.208,-0.322,-0.24,-0.167,-0.126,-0.205,-0.27,-0.148,-0.321,-0.241,-0.168,-0.126,-0.261,-0.205,-0.14,-0.256,-0.547,-0.347,-0.239,-0.167,-0.199,-0.125,-0.215,-0.521
2020,4,10,-0.244,-0.375,-0.286,-0.195,-0.143,-0.243,-0.318,-0.172,-0.374,-0.287,-0.196,-0.143,-0.305,-0.25,-0.167,-0.303,-0.594,-0.408,-0.286,-0.191,-0.238,-0.149,-0.261,-0.571
2020,4,17,-0.25,-0.388,-0.297,-0.199,-0.14,-0.251,-0.33,-0.173,-0.387,-0.299,-0.2,-0.14,-0.316,-0.264,-0.172,-0.312,-0.595,-0.424,-0.295,-0.187,-0.246,-0.153,-0.275,-0.576
2020,4,24,-0.242,-0.385,-0.293,-0.19,-0.126,-0.244,-0.326,-0.162,-0.385,-0.294,-0.192,-0.126,-0.316,-0.263,-0.166,-0.301,-0.577,-0.417,-0.284,-0.164,-0.238,-0.148,-0.27,-0.561
2020,5,1,-0.226,-0.37,-0.277,-0.175,-0.106,-0.229,-0.311,-0.145,-0.37,-0.279,-0.177,-0.106,-0.307,-0.252,-0.154,-0.276,-0.543,-0.396,-0.261,-0.127,-0.221,-0.139,-0.251,-0.53
2020,5,8,-0.203,-0.349,-0.255,-0.154,-0.0809,-0.207,-0.289,-0.121,-0.349,-0.256,-0.155,-0.0808,-0.292,-0.233,-0.135,-0.244,-0.501,-0.367,-0.23,-0.0844,-0.197,-0.124,-0.222,-0.49
2020,5,15,-0.18,-0.325,-0.231,-0.132,-0.0602,-0.184,-0.265,-0.0998,-0.325,-0.232,-0.133,-0.06,-0.275,-0.211,-0.116,-0.213,-0.46,-0.335,-0.199,-0.0574,-0.174,-0.108,-0.195,-0.451
2020,5,22,-0.16,-0.297,-0.208,-0.116,-0.0449,-0.164,-0.24,-0.0843,-0.297,-0.209,-0.117,-0.0447,-0.252,-0.189,-0.102,-0.189,-0.423,-0.303,-0.178,-0.0355,-0.156,-0.0931,-0.171,-0.414
2020,5,29,-0.145,-0.274,-0.189,-0.105,-0.0328,-0.149,-0.219,-0.073,-0.274,-0.19,-0.106,-0.0327,-0.231,-0.172,-0.0923,-0.171,-0.391,-0.275,-0.163,-0.0157,-0.141,-0.0829,-0.151,-0.383
2020,6,5,-0.133,-0.257,-0.173,-0.0957,-0.0298,-0.136,-0.203,-0.0663,-0.257,-0.174,-0.0966,-0.0296,-0.216,-0.157,-0.0842,-0.154,-0.362,-0.252,-0.147,-0.0106,-0.131,-0.0775,-0.138,-0.356
2020,6,12,-0.124,-0.238,-0.158,-0.0881,-0.0336,-0.125,-0.187,-0.0637,-0.238,-0.159,-0.0889,-0.0333,-0.201,-0.141,-0.0777,-0.142,-0.333,-0.231,-0.133,-0.0212,-0.123,-0.0736,-0.131,-0.328
2020,6,19,-0.118,-0.224,-0.145,-0.087,-0.0366,-0.118,-0.174,-0.0644,-0.224,-0.146,-0.0878,-0.0362,-0.188,-0.128,-0.0771,-0.133,-0.309,-0.217,-0.123,-0.0246,-0.117,-0.0709,-0.128,-0.305
2020,6,26,-0.115,-0.213,-0.139,-0.0885,-0.0387,-0.115,-0.166,-0.0663,-0.213,-0.139,-0.0894,-0.0384,-0.177,-0.122,-0.0785,-0.128,-0.291,-0.206,-0.12,-0.0227,-0.114,-0.0698,-0.128,-0.287
2020,7,3,-0.113,-0.206,-0.135,-0.0897,-0.0407,-0.114,-0.161,-0.0678,-0.206,-0.136,-0.0906,-0.0404,-0.17,-0.121,-0.0794,-0.124,-0.277,-0.202,-0.116,-0.0212,-0.114,-0.0706,-0.128,-0.273
2020,7,10,-0.112,-0.203,-0.132,-0.0904,-0.0431,-0.112,-0.158,-0.0692,-0.203,-0.132,-0.0912,-0.0427,-0.168,-0.119,-0.0801,-0.121,-0.27,-0.199,-0.111,-0.0264,-0.113,-0.0717,-0.128,-0.265
2020,7,17,-0.112,-0.201,-0.13,-0.0888,-0.0461,-0.11,-0.155,-0.0697,-0.2,-0.13,-0.0896,-0.0458,-0.166,-0.116,-0.0792,-0.117,-0.268,-0.192,-0.104,-0.0397,-0.111,-0.0722,-0.127,-0.264
2020,7,24,-0.111,-0.199,-0.126,-0.0892,-0.0478,-0.108,-0.152,-0.0707,-0.199,-0.126,-0.09,-0.0476,-0.164,-0.11,-0.0804,-0.113,-0.265,-0.187,-0.0996,-0.039,-0.109,-0.072,-0.125,-0.262
2020,7,31,-0.109,-0.198,-0.122,-0.0896,-0.0471,-0.107,-0.149,-0.0706,-0.198,-0.122,-0.0904,-0.0468,-0.164,-0.105,-0.082,-0.111,-0.261,-0.186,-0.0994,-0.0267,-0.107,-0.0722,-0.122,-0.259
2020,8,7,-0.107,-0.199,-0.119,-0.0873,-0.0442,-0.104,-0.148,-0.068,-0.199,-0.119,-0.0881,-0.0439,-0.166,-0.102,-0.0812,-0.11,-0.254,-0.188,-0.0986,-0.02,-0.106,-0.0717,-0.118,-0.253
2020,8,14,-0.105,-0.2,-0.116,-0.0847,-0.043,-0.101,-0.146,-0.0661,-0.2,-0.116,-0.0856,-0.0427,-0.169,-0.1,-0.0799,-0.109,-0.25,-0.189,-0.0954,-0.0268,-0.105,-0.0711,-0.115,-0.25
2020,8,21,-0.103,-0.201,-0.113,-0.0813,-0.0415,-0.0981,-0.145,-0.0635,-0.201,-0.114,-0.0822,-0.0413,-0.172,-0.099,-0.0771,-0.107,-0.249,-0.188,-0.0917,-0.0289,-0.103,-0.0689,-0.111,-0.249
2020,8,28,-0.102,-0.202,-0.112,-0.0792,-0.0377,-0.0964,-0.144,-0.0607,-0.202,-0.112,-0.0802,-0.0376,-0.175,-0.0985,-0.0755,-0.107,-0.251,-0.191,-0.0918,-0.0204,-0.101,-0.0646,-0.107,-0.251
2020,9,4,-0.1,-0.202,-0.111,-0.0789,-0.0338,-0.0955,-0.144,-0.0587,-0.204,-0.111,-0.08,-0.0338,-0.179,-0.098,-0.0754,-0.106,-0.256,-0.194,-0.0921,-0.0115,-0.0996,-0.0593,-0.104,-0.255
2020,9,11,-0.0984,-0.203,-0.108,-0.0767,-0.0308,-0.0934,-0.142,-0.0562,-0.204,-0.109,-0.0779,-0.0309,-0.183,-0.0976,-0.0734,-0.105,-0.257,-0.194,-0.09,-0.0111,-0.0972,-0.0555,-0.0999,-0.256
2020,9,18,-0.095,-0.201,-0.104,-0.0714,-0.0292,-0.0887,-0.139,-0.0525,-0.203,-0.105,-0.0725,-0.0293,-0.183,-0.0942,-0.0684,-0.0998,-0.253,-0.19,-0.0823,-0.0144,-0.0928,-0.0523,-0.0955,-0.252
2020,9,25,-0.0935,-0.2,-0.102,-0.0676,-0.0311,-0.0858,-0.138,-0.0513,-0.202,-0.103,-0.0689,-0.0312,-0.184,-0.0916,-0.0653,-0.0956,-0.25,-0.186,-0.0772,-0.0138,-0.0906,-0.0522,-0.0938,-0.249
2020,10,2,-0.0935,-0.2,-0.102,-0.0676,-0.0318,-0.0855,-0.137,-0.0516,-0.202,-0.103,-0.0689,-0.0319,-0.186,-0.091,-0.0657,-0.0956,-0.248,-0.189,-0.0775,-0.00657,-0.0916,-0.0531,-0.0929,-0.246
2020,10,9,-0.0914,-0.2,-0.0992,-0.066,-0.0285,-0.0835,-0.135,-0.0493,-0.202,-0.1,-0.0673,-0.0286,-0.188,-0.0893,-0.064,-0.0953,-0.247,-0.191,-0.0769,-0.0031,-0.091,-0.05,-0.0904,-0.245
2020,10,16,-0.0898,-0.2,-0.0973,-0.0635,-0.027,-0.0812,-0.134,-0.0472,-0.202,-0.0983,-0.0647,-0.0271,-0.189,-0.0889,-0.0611,-0.0928,-0.247,-0.19,-0.072,-0.00906,-0.0888,-0.0482,-0.0887,-0.244
2020,10,23,-0.0895,-0.202,-0.0956,-0.0628,-0.0273,-0.0801,-0.134,-0.047,-0.203,-0.0967,-0.0641,-0.0273,-0.191,-0.0878,-0.0604,-0.0917,-0.248,-0.192,-0.069,-0.0107,-0.0877,-0.0478,-0.0874,-0.245
2020,10,30,-0.0902,-0.204,-0.0954,-0.0642,-0.0275,-0.0806,-0.134,-0.0478,-0.206,-0.0965,-0.0655,-0.0276,-0.194,-0.0874,-0.0614,-0.093,-0.251,-0.195,-0.0704,-0.00842,-0.0887,-0.0475,-0.0866,-0.248
2020,11,6,-0.0912,-0.206,-0.0971,-0.0661,-0.0257,-0.0824,-0.136,-0.048,-0.208,-0.0983,-0.0675,-0.0258,-0.196,-0.0895,-0.0629,-0.0943,-0.255,-0.197,-0.0722,-0.00582,-0.0892,-0.0487,-0.0857,-0.252
2020,11,13,-0.0929,-0.21,-0.1,-0.0682,-0.0225,-0.0851,-0.14,-0.0478,-0.212,-0.102,-0.0696,-0.0227,-0.2,-0.0937,-0.0651,-0.095,-0.262,-0.199,-0.0728,-0.00563,-0.0893,-0.0503,-0.0857,-0.259
2020,11,20,-0.0964,-0.213,-0.103,-0.0728,-0.0259,-0.0889,-0.143,-0.0518,-0.215,-0.105,-0.0741,-0.0261,-0.2,-0.0967,-0.0693,-0.0976,-0.276,-0.203,-0.0743,-0.0104,-0.0914,-0.0516,-0.0888,-0.271
2020,11,27,-0.101,-0.214,-0.107,-0.0783,-0.0325,-0.0932,-0.145,-0.0578,-0.216,-0.108,-0.0796,-0.0328,-0.197,-0.0989,-0.0737,-0.102,-0.292,-0.205,-0.0776,-0.0205,-0.0936,-0.0513,-0.093,-0.286
2020,12,4,-0.102,-0.216,-0.107,-0.0809,-0.0343,-0.0945,-0.146,-0.06,-0.218,-0.109,-0.0825,-0.0348,-0.198,-0.0998,-0.0756,-0.103,-0.306,-0.207,-0.0777,-0.0279,-0.0933,-0.0487,-0.0921,-0.299
2020,12,11,-0.105,-0.223,-0.107,-0.0894,-0.0307,-0.0986,-0.149,-0.0631,-0.225,-0.109,-0.0914,-0.0315,-0.202,-0.1,-0.0843,-0.106,-0.32,-0.214,-0.0813,-0.0204,-0.0931,-0.048,-0.0947,-0.313
2020,12,18,-0.109,-0.229,-0.112,-0.0937,-0.0298,-0.103,-0.154,-0.0651,-0.231,-0.114,-0.0955,-0.0305,-0.202,-0.102,-0.0878,-0.114,-0.334,-0.228,-0.0902,-0.0123,-0.0964,-0.047,-0.0978,-0.325
2020,12,25,-0.1,-0.22,-0.11,-0.0802,-0.0197,-0.0959,-0.15,-0.0532,-0.221,-0.112,-0.0818,-0.0202,-0.192,-0.0972,-0.074,-0.109,-0.335,-0.228,-0.0851,-0.00173,-0.0905,-0.0323,-0.0838,-0.323
2021,1,1,-0.0994,-0.21,-0.116,-0.0747,-0.0225,-0.0961,-0.15,-0.0514,-0.211,-0.117,-0.0758,-0.0225,-0.183,-0.0954,-0.0675,-0.11,-0.332,-0.22,-0.0868,-0.0121,-0.0909,-0.0221,-0.0855,-0.319
2021,1,8,-0.102,-0.205,-0.118,-0.079,-0.0272,-0.0994,-0.149,-0.0558,-0.207,-0.119,-0.0803,-0.0273,-0.181,-0.095,-0.0729,-0.109,-0.335,-0.208,-0.0889,-0.0163,-0.0892,-0.02,-0.0937,-0.322
2021,1,15,-0.0948,-0.194,-0.109,-0.0729,-0.0257,-0.0921,-0.14,-0.0518,-0.196,-0.112,-0.0751,-0.0266,-0.178,-0.0916,-0.0686,-0.099,-0.332,-0.19,-0.0798,-0.0188,-0.079,-0.0153,-0.0832,-0.319
2021,1,22,-0.0922,-0.189,-0.106,-0.068,-0.0285,-0.088,-0.136,-0.0503,-0.192,-0.108,-0.0703,-0.0294,-0.175,-0.0892,-0.0639,-0.0955,-0.324,-0.185,-0.0747,-0.026,-0.076,-0.0137,-0.0809,-0.312
2021,1,29,-0.0902,-0.188,-0.103,-0.0664,-0.0272,-0.0855,-0.133,-0.0489,-0.191,-0.105,-0.0687,-0.0281,-0.173,-0.0868,-0.0622,-0.0941,-0.316,-0.184,-0.0744,-0.0183,-0.0752,-0.0122,-0.0795,-0.304
2021,2,5,-0.089,-0.188,-0.103,-0.0636,-0.0251,-0.0841,-0.134,-0.0464,-0.191,-0.105,-0.0659,-0.026,-0.174,-0.0878,-0.0599,-0.0962,-0.306,-0.19,-0.0768,-0.0132,-0.0762,-0.011,-0.0787,-0.295
2021,2,12,-0.0867,-0.187,-0.1,-0.0618,-0.021,-0.0821,-0.132,-0.0436,-0.191,-0.103,-0.0641,-0.022,-0.174,-0.0856,-0.0592,-0.0961,-0.295,-0.189,-0.0756,-0.0183,-0.0755,-0.00825,-0.0773,-0.285
2021,2,19,-0.0834,-0.185,-0.0967,-0.06,-0.0159,-0.0792,-0.128,-0.0403,-0.188,-0.0987,-0.0625,-0.0169,-0.17,-0.0812,-0.0578,-0.0917,-0.287,-0.185,-0.0702,-0.0183,-0.0728,-0.00447,-0.074,-0.277
2021,2,26,-0.0813,-0.183,-0.0964,-0.0564,-0.0129,-0.0774,-0.128,-0.037,-0.186,-0.0984,-0.0592,-0.0138,-0.168,-0.0809,-0.0548,-0.0898,-0.281,-0.184,-0.0696,-0.00877,-0.0716,-0.00315,-0.0727,-0.271
2021,3,5,-0.0794,-0.182,-0.0954,-0.0512,-0.0127,-0.0744,-0.127,-0.034,-0.186,-0.0974,-0.0542,-0.0136,-0.169,-0.0802,-0.051,-0.0899,-0.272,-0.188,-0.0695,-0.00244,-0.0708,-0.00289,-0.0732,-0.262
2021,3,12,-0.0781,-0.181,-0.0925,-0.0493,-0.015,-0.072,-0.124,-0.034,-0.184,-0.0945,-0.0523,-0.0158,-0.169,-0.0776,-0.0494,-0.09,-0.265,-0.187,-0.0685,-0.00931,-0.0709,-0.00257,-0.0747,-0.254
2021,3,19,-0.0782,-0.178,-0.0884,-0.0518,-0.0193,-0.071,-0.121,-0.0373,-0.182,-0.0903,-0.0549,-0.0201,-0.167,-0.072,-0.0521,-0.0878,-0.259,-0.183,-0.0657,-0.0135,-0.0706,-0.00299,-0.0787,-0.248
2021,3,26,-0.0797,-0.178,-0.0862,-0.057,-0.0227,-0.0723,-0.119,-0.0417,-0.182,-0.0883,-0.06,-0.0235,-0.165,-0.0682,-0.0579,-0.0859,-0.253,-0.183,-0.0647,-0.00505,-0.0713,-0.00488,-0.0842,-0.242
2021,4,2,-0.079,-0.181,-0.0851,-0.0566,-0.0193,-0.0716,-0.12,-0.0399,-0.185,-0.0872,-0.0597,-0.0201,-0.167,-0.0661,-0.0582,-0.0847,-0.246,-0.189,-0.0641,0.0124,-0.0718,-0.00352,-0.0845,-0.235
2021,4,9,-0.0741,-0.181,-0.0794,-0.0507,-0.0132,-0.0658,-0.116,-0.0339,-0.184,-0.0814,-0.0539,-0.0141,-0.166,-0.0601,-0.0529,-0.0811,-0.239,-0.189,-0.0598,0.0185,-0.0682,0.00259,-0.0827,-0.228
2021,4,16,-0.0705,-0.176,-0.075,-0.0459,-0.0129,-0.0612,-0.111,-0.0312,-0.18,-0.0769,-0.0491,-0.0138,-0.162,-0.0548,-0.0488,-0.0763,-0.23,-0.182,-0.0533,0.0139,-0.0641,0.00612,-0.0821,-0.219
2021,4,23,-0.0676,-0.166,-0.0724,-0.0439,-0.0145,-0.0589,-0.106,-0.0308,-0.17,-0.0744,-0.0471,-0.0153,-0.151,-0.0502,-0.0471,-0.0741,-0.223,-0.172,-0.0537,0.0117,-0.0621,0.00871,-0.0808,-0.212
2021,4,30,-0.0654,-0.157,-0.0716,-0.0431,-0.0137,-0.0581,-0.102,-0.03,-0.161,-0.0737,-0.0462,-0.0144,-0.143,-0.0491,-0.0462,-0.0732,-0.217,-0.162,-0.0574,0.0173,-0.0611,0.0105,-0.0795,-0.206
2021,5,7,-0.0619,-0.155,-0.0686,-0.0399,-0.00778,-0.055,-0.0999,-0.0256,-0.159,-0.0707,-0.0431,-0.00858,-0.14,-0.0472,-0.0433,-0.0704,-0.209,-0.16,-0.0562,0.0279,-0.0586,0.0136,-0.077,-0.197
2021,5,14,-0.0581,-0.152,-0.0632,-0.0366,-0.00515,-0.0506,-0.0952,-0.0226,-0.156,-0.0654,-0.0399,-0.00599,-0.136,-0.0423,-0.0402,-0.0672,-0.201,-0.155,-0.0523,0.0255,-0.0554,0.0168,-0.0748,-0.189
2021,5,21,-0.0551,-0.145,-0.0546,-0.0373,-0.00797,-0.0464,-0.0873,-0.0242,-0.149,-0.0568,-0.0406,-0.00881,-0.128,-0.0327,-0.0411,-0.0624,-0.192,-0.148,-0.0472,0.0243,-0.052,0.0189,-0.0751,-0.179
2021,5,28,-0.0525,-0.14,-0.0451,-0.0413,-0.00883,-0.0433,-0.0794,-0.0268,-0.144,-0.0473,-0.0445,-0.00966,-0.121,-0.0222,-0.045,-0.0592,-0.182,-0.143,-0.0457,0.0321,-0.0505,0.0217,-0.0757,-0.169
2021,6,4,-0.0501,-0.139,-0.0384,-0.0434,-0.00539,-0.0408,-0.0748,-0.0264,-0.144,-0.0407,-0.0465,-0.00625,-0.117,-0.0156,-0.0473,-0.059,-0.173,-0.145,-0.0458,0.0383,-0.0499,0.0246,-0.0767,-0.159
2021,6,11,-0.0471,-0.137,-0.0335,-0.041,-0.00399,-0.037,-0.0708,-0.0245,-0.141,-0.0357,-0.0442,-0.00489,-0.112,-0.0103,-0.0453,-0.059,-0.162,-0.146,-0.0434,0.0288,-0.0477,0.0294,-0.0781,-0.147
2021,6,18,-0.0437,-0.132,-0.0277,-0.0376,-0.00475,-0.0324,-0.0654,-0.0229,-0.136,-0.03,-0.0409,-0.00571,-0.106,-0.00293,-0.0419,-0.0543,-0.151,-0.143,-0.0352,0.0207,-0.0426,0.0343,-0.0795,-0.135
2021,6,25,-0.0426,-0.13,-0.0228,-0.0404,-0.00528,-0.0311,-0.0613,-0.0247,-0.134,-0.0251,-0.0438,-0.00633,-0.102,0.00324,-0.0442,-0.0503,-0.143,-0.14,-0.0303,0.0241,-0.0399,0.0348,-0.084,-0.126
2021,7,2,-0.044,-0.133,-0.0245,-0.0435,-0.00273,-0.0335,-0.0636,-0.0253,-0.137,-0.0269,-0.0471,-0.00388,-0.105,0.000814,-0.0476,-0.0519,-0.14,-0.147,-0.0326,0.0347,-0.0413,0.0329,-0.0885,-0.123
2021,7,9,-0.0448,-0.138,-0.0254,-0.0448,0.000622,-0.0346,-0.066,-0.0245,-0.142,-0.0279,-0.0484,-0.000588,-0.11,-0.0014,-0.0492,-0.0544,-0.138,-0.156,-0.0347,0.0426,-0.0434,0.0313,-0.0906,-0.121
2021,7,16,-0.044,-0.141,-0.0223,-0.0431,0.00033,-0.0322,-0.0651,-0.0237,-0.145,-0.0247,-0.0469,-0.000899,-0.114,0.000212,-0.0483,-0.054,-0.133,-0.159,-0.0303,0.0322,-0.0427,0.0312,-0.0921,-0.116
2021,7,23,-0.0433,-0.143,-0.0205,-0.0396,-0.00191,-0.0295,-0.0648,-0.0227,-0.148,-0.0228,-0.0434,-0.00323,-0.117,0.000594,-0.0456,-0.0518,-0.129,-0.159,-0.0253,0.0247,-0.0412,0.0322,-0.0921,-0.112
2021,7,30,-0.0443,-0.147,-0.0218,-0.0384,-0.00287,-0.0297,-0.0671,-0.0225,-0.152,-0.0242,-0.0422,-0.00427,-0.122,-0.00197,-0.045,-0.0534,-0.128,-0.164,-0.0267,0.029,-0.0422,0.0322,-0.0926,-0.112
2021,8,6,-0.0469,-0.154,-0.0249,-0.0391,-0.00336,-0.0316,-0.0716,-0.0231,-0.159,-0.0272,-0.0429,-0.00481,-0.13,-0.00572,-0.0461,-0.0586,-0.131,-0.177,-0.0309,0.0339,-0.0452,0.0309,-0.0939,-0.116
2021,8,13,-0.0505,-0.164,-0.0287,-0.04,-0.00591,-0.0341,-0.0774,-0.0248,-0.168,-0.0311,-0.0439,-0.00735,-0.141,-0.011,-0.0473,-0.0634,-0.136,-0.186,-0.0333,0.025,-0.0492,0.0274,-0.0969,-0.122
2021,8,20,-0.0548,-0.174,-0.034,-0.0403,-0.00894,-0.037,-0.0846,-0.0263,-0.179,-0.0364,-0.0442,-0.0104,-0.153,-0.0184,-0.0481,-0.0664,-0.146,-0.193,-0.0332,0.017,-0.0524,0.0219,-0.101,-0.132
2021,8,27,-0.0586,-0.186,-0.0405,-0.0393,-0.00862,-0.0399,-0.093,-0.0256,-0.191,-0.0428,-0.0432,-0.01,-0.167,-0.0268,-0.0472,-0.0721,-0.156,-0.208,-0.0375,0.0212,-0.0565,0.0177,-0.102,-0.143
2021,9,3,-0.0594,-0.196,-0.0448,-0.036,-0.0028,-0.0406,-0.0994,-0.0211,-0.201,-0.0471,-0.0398,-0.00425,-0.178,-0.0328,-0.0436,-0.0773,-0.162,-0.224,-0.0423,0.0336,-0.0592,0.0167,-0.0972,-0.15
2021,9,10,-0.0579,-0.202,-0.0442,-0.0316,0.00243,-0.0382,-0.101,-0.0164,-0.207,-0.0466,-0.0352,0.000907,-0.185,-0.0342,-0.0394,-0.0766,-0.162,-0.23,-0.0399,0.0382,-0.0579,0.0171,-0.0926,-0.15
2021,9,17,-0.0553,-0.202,-0.0406,-0.0263,0.0022,-0.0338,-0.0988,-0.0136,-0.207,-0.043,-0.03,0.000745,-0.187,-0.0317,-0.0341,-0.072,-0.159,-0.224,-0.0334,0.0329,-0.0542,0.0192,-0.0902,-0.148
2021,9,24,-0.0539,-0.197,-0.0372,-0.0239,-0.00289,-0.0309,-0.095,-0.0145,-0.202,-0.0397,-0.0276,-0.00431,-0.182,-0.0277,-0.031,-0.0699,-0.157,-0.215,-0.0311,0.0223,-0.0528,0.0206,-0.0882,-0.147
2021,10,1,-0.0536,-0.196,-0.033,-0.027,-0.00486,-0.0301,-0.0916,-0.0171,-0.201,-0.0355,-0.0306,-0.00637,-0.179,-0.0224,-0.0332,-0.0725,-0.157,-0.217,-0.0344,0.0213,-0.054,0.0213,-0.0867,-0.146
2021,10,8,-0.051,-0.197,-0.0302,-0.026,0.00217,-0.0282,-0.0904,-0.0134,-0.202,-0.0328,-0.0296,0.00061,-0.178,-0.0198,-0.0329,-0.073,-0.155,-0.224,-0.0346,0.0316,-0.0529,0.0249,-0.0831,-0.144
2021,10,15,-0.0497,-0.198,-0.0273,-0.0244,0.00315,-0.0259,-0.089,-0.0121,-0.203,-0.0299,-0.028,0.00158,-0.178,-0.0172,-0.0311,-0.0707,-0.156,-0.223,-0.0301,0.0267,-0.051,0.0262,-0.0811,-0.144
2021,10,22,-0.0501,-0.199,-0.0258,-0.0222,-0.00272,-0.0241,-0.0883,-0.0135,-0.204,-0.0284,-0.0258,-0.00424,-0.177,-0.0155,-0.0278,-0.069,-0.158,-0.22,-0.0268,0.0183,-0.0499,0.0252,-0.0807,-0.146
2021,10,29,-0.0518,-0.201,-0.0271,-0.0233,-0.00564,-0.0253,-0.0897,-0.0154,-0.206,-0.0297,-0.027,-0.00716,-0.178,-0.0162,-0.0279,-0.0701,-0.163,-0.222,-0.0286,0.0231,-0.0509,0.0235,-0.0804,-0.151
2021,11,5,-0.0531,-0.204,-0.0295,-0.0246,-0.00405,-0.0272,-0.0924,-0.0154,-0.209,-0.0321,-0.0282,-0.00561,-0.182,-0.0194,-0.0292,-0.0713,-0.165,-0.226,-0.0305,0.029,-0.0517,0.0216,-0.0803,-0.153
2021,11,12,-0.0537,-0.207,-0.0322,-0.0266,0.00212,-0.0296,-0.0955,-0.0138,-0.213,-0.0348,-0.0302,0.000503,-0.187,-0.0235,-0.0325,-0.0713,-0.164,-0.227,-0.0307,0.0316,-0.0519,0.02,-0.081,-0.153
2021,11,19,-0.0563,-0.211,-0.035,-0.0324,0.00391,-0.0337,-0.0983,-0.0162,-0.216,-0.0375,-0.0359,0.0023,-0.189,-0.0266,-0.0392,-0.0742,-0.168,-0.23,-0.0345,0.033,-0.0541,0.0181,-0.0852,-0.157
2021,11,26,-0.0584,-0.211,-0.035,-0.0373,0.00129,-0.0361,-0.0983,-0.0201,-0.216,-0.0376,-0.041,-0.000302,-0.186,-0.0258,-0.0444,-0.0785,-0.175,-0.232,-0.0397,0.0283,-0.056,0.0198,-0.0891,-0.162
2021,12,3,-0.0613,-0.213,-0.0378,-0.0399,-0.0027,-0.0388,-0.101,-0.0233,-0.218,-0.0406,-0.0436,-0.00438,-0.187,-0.0286,-0.0471,-0.0834,-0.182,-0.237,-0.044,0.0205,-0.0586,0.0203,-0.0947,-0.169
2021,12,10,-0.0673,-0.222,-0.0426,-0.048,-0.00521,-0.0452,-0.107,-0.0289,-0.228,-0.0455,-0.0518,-0.00709,-0.196,-0.0337,-0.0558,-0.0873,-0.188,-0.246,-0.0477,0.0245,-0.0613,0.0148,-0.109,-0.174
2021,12,17,-0.0654,-0.225,-0.0403,-0.0458,-0.000841,-0.0429,-0.107,-0.0257,-0.231,-0.0442,-0.0504,-0.00315,-0.201,-0.0365,-0.0546,-0.0804,-0.193,-0.236,-0.042,0.0314,-0.0522,0.0162,-0.109,-0.175
2021,12,24,-0.0516,-0.215,-0.0262,-0.0318,0.0151,-0.0288,-0.0942,-0.0108,-0.222,-0.032,-0.0378,0.012,-0.196,-0.0311,-0.0425,-0.0614,-0.197,-0.208,-0.025,0.0432,-0.0342,0.0293,-0.0835,-0.175
2021,12,31,-0.0515,-0.208,-0.03,-0.0294,0.0124,-0.0297,-0.0941,-0.0107,-0.215,-0.0351,-0.0351,0.00968,-0.193,-0.0305,-0.0395,-0.0648,-0.193,-0.205,-0.0307,0.0379,-0.0386,0.0347,-0.0811,-0.175
2022,1,7,-0.062,-0.208,-0.0478,-0.0371,-0.023380155339805826,-0.0427,-0.106,-0.04398667961165049,-0.214,-0.0512,-0.0417,-0.023991310679611647,-0.197,-0.039,-0.0447,-0.0825,-0.195,-0.222,-0.0509,-0.008254679611650486,-0.0554,0.0298,-0.0966,-0.18
2022,1,14,-0.0611,-0.204,-0.0474,-0.0316,-0.023380155339805826,-0.0399,-0.104,-0.04398667961165049,-0.21,-0.0506,-0.0361,-0.023991310679611647,-0.196,-0.0377,-0.0381,-0.085,-0.193,-0.226,-0.0512,-0.008254679611650486,-0.0574,0.031,-0.0933,-0.178
2022,1,21,-0.0581,-0.2,-0.0402,-0.0206,-0.023380155339805826,-0.0309,-0.0977,-0.04398667961165049,-0.206,-0.0436,-0.0249,-0.023991310679611647,-0.191,-0.0292,-0.0253,-0.0814,-0.191,-0.222,-0.0417,-0.008254679611650486,-0.0543,0.0344,-0.0888,-0.176
2022,1,28,-0.057,-0.199,-0.0353,-0.0145,-0.023380155339805826,-0.0254,-0.0943,-0.04398667961165049,-0.205,-0.0388,-0.0186,-0.023991310679611647,-0.19,-0.0231,-0.0175,-0.0801,-0.191,-0.221,-0.0379,-0.008254679611650486,-0.0532,0.0362,-0.0867,-0.175
2022,2,4,-0.0569,-0.202,-0.0346,-0.0118,-0.023380155339805826,-0.0238,-0.0949,-0.04398667961165049,-0.208,-0.0382,-0.016,-0.023991310679611647,-0.193,-0.0221,-0.0148,-0.0811,-0.189,-0.226,-0.038,-0.008254679611650486,-0.0541,0.0369,-0.0856,-0.173
2022,2,11,-0.0544,-0.2,-0.0318,-0.00837,-0.023380155339805826,-0.0207,-0.0926,-0.04398667961165049,-0.206,-0.0354,-0.0126,-0.023991310679611647,-0.192,-0.0183,-0.0116,-0.0786,-0.184,-0.223,-0.0344,-0.008254679611650486,-0.0514,0.0397,-0.0825,-0.168
2022,2,18,-0.0515,-0.191,-0.0281,-0.00808,-0.023380155339805826,-0.0186,-0.0868,-0.04398667961165049,-0.197,-0.0316,-0.0123,-0.023991310679611647,-0.183,-0.0118,-0.0112,-0.0745,-0.18,-0.212,-0.0317,-0.008254679611650486,-0.0479,0.0424,-0.0805,-0.163
2022,2,25,-0.0532,-0.185,-0.0279,-0.0152,-0.023380155339805826,-0.0219,-0.0844,-0.04398667961165049,-0.19,-0.0316,-0.0194,-0.023991310679611647,-0.177,-0.00984,-0.018,-0.0762,-0.179,-0.205,-0.0379,-0.008254679611650486,-0.0501,0.0401,-0.0838,-0.162
2022,3,4,-0.0554,-0.188,-0.0301,-0.0169,-0.023380155339805826,-0.0238,-0.0869,-0.04398667961165049,-0.193,-0.0337,-0.0211,-0.023991310679611647,-0.181,-0.0125,-0.0202,-0.08,-0.178,-0.212,-0.0425,-0.008254679611650486,-0.0536,0.0364,-0.0866,-0.161
2022,3,11,-0.0547,-0.188,-0.0288,-0.0132,-0.023380155339805826,-0.0214,-0.0863,-0.04398667961165049,-0.194,-0.0323,-0.0174,-0.023991310679611647,-0.183,-0.0126,-0.0166,-0.0797,-0.174,-0.214,-0.0396,-0.008254679611650486,-0.0534,0.0362,-0.087,-0.156
2022,3,18,-0.053,-0.186,-0.0264,-0.00872,-0.023380155339805826,-0.018,-0.084,-0.04398667961165049,-0.192,-0.03,-0.0129,-0.023991310679611647,-0.181,-0.0102,-0.012,-0.0758,-0.17,-0.208,-0.0337,-0.008254679611650486,-0.0503,0.0378,-0.0875,-0.152
2022,3,25,-0.0523,-0.182,-0.0257,-0.00839,-0.023380155339805826,-0.0175,-0.0822,-0.04398667961165049,-0.189,-0.0294,-0.0127,-0.023991310679611647,-0.177,-0.00839,-0.0113,-0.0741,-0.169,-0.202,-0.0335,-0.008254679611650486,-0.05,0.0397,-0.0889,-0.152
2022,4,1,-0.0527,-0.181,-0.0262,-0.0106,-0.023380155339805826,-0.0188,-0.0819,-0.04398667961165049,-0.187,-0.0299,-0.0149,-0.023991310679611647,-0.176,-0.00918,-0.0136,-0.0746,-0.168,-0.201,-0.0369,-0.008254679611650486,-0.0516,0.0406,-0.0911,-0.15
2022,4,8,-0.0533,-0.184,-0.027,-0.0111,-0.023380155339805826,-0.0195,-0.0835,-0.04398667961165049,-0.19,-0.0309,-0.0155,-0.023991310679611647,-0.179,-0.0111,-0.0149,-0.0744,-0.166,-0.203,-0.038,-0.008254679611650486,-0.0525,0.0419,-0.0937,-0.148
2022,4,15,-0.0534,-0.181,-0.0264,-0.0118,-0.023380155339805826,-0.0195,-0.0821,-0.04398667961165049,-0.187,-0.0303,-0.0162,-0.023991310679611647,-0.174,-0.0102,-0.0158,-0.0739,-0.166,-0.198,-0.0371,-0.008254679611650486,-0.0526,0.0433,-0.0955,-0.148
2022,4,22,-0.0501,-0.165,-0.021,-0.012,-0.023380155339805826,-0.0167,-0.0731,-0.04398667961165049,-0.172,-0.0248,-0.0165,-0.023991310679611647,-0.156,-0.00191,-0.0154,-0.0714,-0.165,-0.184,-0.0365,-0.008254679611650486,-0.0485,0.0462,-0.0941,-0.145
2022,4,29,-0.0476,-0.153,-0.0165,-0.0135,-0.023380155339805826,-0.015,-0.0656,-0.04398667961165049,-0.159,-0.0202,-0.0179,-0.023991310679611647,-0.143,0.0047,-0.0161,-0.069,-0.161,-0.173,-0.0381,-0.008254679611650486,-0.0466,0.049,-0.0921,-0.141
2022,5,6,-0.0456,-0.151,-0.0145,-0.0114,-0.023380155339805826,-0.013,-0.0637,-0.04398667961165049,-0.157,-0.0181,-0.0158,-0.023991310679611647,-0.142,0.00564,-0.0145,-0.0682,-0.156,-0.172,-0.0378,-0.008254679611650486,-0.0457,0.0506,-0.091,-0.136
2022,5,13,-0.0451,-0.146,-0.014,-0.0105,-0.023380155339805826,-0.0123,-0.0617,-0.04398667961165049,-0.153,-0.0175,-0.015,-0.023991310679611647,-0.138,0.00568,-0.0137,-0.0692,-0.152,-0.167,-0.0392,-0.008254679611650486,-0.046,0.0508,-0.0923,-0.132
2022,5,20,-0.0477,-0.133,-0.0175,-0.015,-0.023380155339805826,-0.0163,-0.0591,-0.04398667961165049,-0.139,-0.0209,-0.0194,-0.023991310679611647,-0.121,0.00452,-0.0169,-0.0702,-0.151,-0.155,-0.0433,-0.008254679611650486,-0.0467,0.0472,-0.0999,-0.131
2022,5,27,-0.0484,-0.118,-0.0156,-0.0233,-0.023380155339805826,-0.0192,-0.0525,-0.04398667961165049,-0.124,-0.019,-0.0276,-0.023991310679611647,-0.102,0.00923,-0.0234,-0.0703,-0.149,-0.142,-0.0489,-0.008254679611650486,-0.0469,0.0466,-0.105,-0.129
2022,6,3,-0.0437,-0.114,-0.00549,-0.0255,-0.023380155339805826,-0.015,-0.0448,-0.04398667961165049,-0.121,-0.00883,-0.03,-0.023991310679611647,-0.0956,0.0193,-0.0253,-0.0672,-0.143,-0.14,-0.0469,-0.008254679611650486,-0.0448,0.0533,-0.0996,-0.121
2022,6,10,-0.0396,-0.113,0.000451,-0.0216,-0.023380155339805826,-0.00999,-0.0404,-0.04398667961165049,-0.119,-0.00288,-0.0262,-0.023991310679611647,-0.0924,0.026,-0.0214,-0.0645,-0.136,-0.139,-0.0421,-0.008254679611650486,-0.0427,0.0583,-0.0957,-0.112
2022,6,17,-0.0392,-0.111,0.000489,-0.0173,-0.023380155339805826,-0.00795,-0.0398,-0.04398667961165049,-0.118,-0.00285,-0.0221,-0.023991310679611647,-0.0895,0.0282,-0.0167,-0.0639,-0.133,-0.137,-0.0386,-0.008254679611650486,-0.0416,0.059,-0.0977,-0.108
2022,6,24,-0.0427,-0.114,-0.00319,-0.0216,-0.023380155339805826,-0.0119,-0.0431,-0.04398667961165049,-0.12,-0.00658,-0.0264,-0.023991310679611647,-0.0904,0.0247,-0.0207,-0.0656,-0.135,-0.138,-0.0406,-0.008254679611650486,-0.0437,0.0558,-0.105,-0.109
2022,7,1,-0.0472,-0.119,-0.00783,-0.0294,-0.023380155339805826,-0.0181,-0.048,-0.04398667961165049,-0.126,-0.0113,-0.0342,-0.023991310679611647,-0.0952,0.0191,-0.029,-0.0683,-0.138,-0.142,-0.0451,-0.008254679611650486,-0.0474,0.0514,-0.113,-0.111
2022,7,8,-0.0496,-0.125,-0.0099,-0.0347,-0.023380155339805826,-0.0217,-0.0514,-0.04398667961165049,-0.131,-0.0134,-0.0396,-0.023991310679611647,-0.0996,0.016,-0.0347,-0.0711,-0.141,-0.15,-0.0482,-0.008254679611650486,-0.0504,0.0485,-0.117,-0.114
2022,7,15,-0.0506,-0.13,-0.0114,-0.0347,-0.023380155339805826,-0.0224,-0.0542,-0.04398667961165049,-0.137,-0.0149,-0.0396,-0.023991310679611647,-0.105,0.0133,-0.0352,-0.0725,-0.142,-0.156,-0.0474,-0.008254679611650486,-0.0518,0.0469,-0.119,-0.114
2022,7,22,-0.0506,-0.13,-0.013,-0.0297,-0.023380155339805826,-0.021,-0.0553,-0.04398667961165049,-0.137,-0.0165,-0.0346,-0.023991310679611647,-0.108,0.0106,-0.0312,-0.0712,-0.14,-0.154,-0.0446,-0.008254679611650486,-0.0516,0.0471,-0.12,-0.112
2022,7,29,-0.051,-0.129,-0.0146,-0.0263,-0.023380155339805826,-0.0202,-0.0558,-0.04398667961165049,-0.135,-0.0182,-0.0312,-0.023991310679611647,-0.107,0.00896,-0.0273,-0.073,-0.14,-0.154,-0.0468,-0.008254679611650486,-0.053,0.0471,-0.121,-0.113
2022,8,5,-0.0527,-0.131,-0.0179,-0.0236,-0.023380155339805826,-0.0206,-0.0586,-0.04398667961165049,-0.137,-0.0215,-0.0286,-0.023991310679611647,-0.108,0.00525,-0.0239,-0.0775,-0.142,-0.158,-0.0509,-0.008254679611650486,-0.0561,0.045,-0.121,-0.115
2022,8,12,-0.0563,-0.135,-0.024,-0.0234,-0.023380155339805826,-0.0237,-0.0641,-0.04398667961165049,-0.142,-0.0275,-0.0283,-0.023991310679611647,-0.115,-0.00262,-0.0237,-0.0836,-0.147,-0.164,-0.0559,-0.008254679611650486,-0.0605,0.0403,-0.122,-0.121
2022,8,19,-0.061,-0.141,-0.0306,-0.0251,-0.023380155339805826,-0.028,-0.0704,-0.04398667961165049,-0.147,-0.0341,-0.03,-0.023991310679611647,-0.124,-0.011,-0.0258,-0.0883,-0.155,-0.168,-0.0598,-0.008254679611650486,-0.0647,0.034,-0.124,-0.131
2022,8,26,-0.0647,-0.148,-0.0356,-0.0279,-0.023380155339805826,-0.032,-0.0761,-0.04398667961165049,-0.155,-0.039,-0.0328,-0.023991310679611647,-0.134,-0.0172,-0.0288,-0.0922,-0.161,-0.175,-0.0648,-0.008254679611650486,-0.0686,0.0279,-0.125,-0.14
2022,9,2,-0.0663,-0.156,-0.0392,-0.0282,-0.023380155339805826,-0.034,-0.0813,-0.04398667961165049,-0.163,-0.0427,-0.0331,-0.023991310679611647,-0.144,-0.022,-0.0293,-0.0954,-0.166,-0.185,-0.0686,-0.008254679611650486,-0.0711,0.0256,-0.123,-0.146
2022,9,9,-0.0662,-0.163,-0.0402,-0.0274,-0.023380155339805826,-0.0341,-0.0843,-0.04398667961165049,-0.17,-0.0437,-0.0322,-0.023991310679611647,-0.151,-0.0241,-0.0282,-0.0981,-0.171,-0.192,-0.0717,-0.008254679611650486,-0.0715,0.0274,-0.12,-0.151
2022,9,16,-0.0649,-0.164,-0.0389,-0.0238,-0.023380155339805826,-0.0318,-0.0841,-0.04398667961165049,-0.171,-0.0424,-0.0287,-0.023991310679611647,-0.155,-0.023,-0.0247,-0.0962,-0.173,-0.189,-0.0685,-0.008254679611650486,-0.0689,0.0294,-0.118,-0.153
2022,9,23,-0.064,-0.158,-0.0396,-0.02,-0.023380155339805826,-0.0303,-0.0822,-0.04398667961165049,-0.165,-0.043,-0.0248,-0.023991310679611647,-0.15,-0.0222,-0.0202,-0.0929,-0.175,-0.178,-0.0649,-0.008254679611650486,-0.067,0.0303,-0.115,-0.155
2022,9,30,-0.0659,-0.155,-0.0429,-0.0226,-0.023380155339805826,-0.0332,-0.0832,-0.04398667961165049,-0.162,-0.0462,-0.0274,-0.023991310679611647,-0.148,-0.0256,-0.0227,-0.0946,-0.18,-0.175,-0.0691,-0.008254679611650486,-0.0684,0.0271,-0.114,-0.16
2022,10,7,-0.0672,-0.157,-0.0464,-0.0239,-0.023380155339805826,-0.0357,-0.0862,-0.04398667961165049,-0.164,-0.0496,-0.0288,-0.023991310679611647,-0.15,-0.0315,-0.0253,-0.0964,-0.184,-0.177,-0.0721,-0.008254679611650486,-0.069,0.0242,-0.112,-0.164
2022,10,14,-0.0672,-0.159,-0.0477,-0.023,-0.023380155339805826,-0.036,-0.0879,-0.04398667961165049,-0.166,-0.051,-0.028,-0.023991310679611647,-0.15,-0.0332,-0.025,-0.0981,-0.188,-0.179,-0.0723,-0.008254679611650486,-0.0685,0.0258,-0.109,-0.167
2022,10,21,-0.0684,-0.161,-0.0504,-0.0233,-0.023380155339805826,-0.0375,-0.0902,-0.04398667961165049,-0.168,-0.0538,-0.0283,-0.023991310679611647,-0.149,-0.0355,-0.0259,-0.0999,-0.194,-0.182,-0.0725,-0.008254679611650486,-0.0686,0.0254,-0.108,-0.172
2022,10,28,-0.0707,-0.164,-0.0544,-0.0265,-0.023380155339805826,-0.0412,-0.0938,-0.04398667961165049,-0.171,-0.0579,-0.0315,-0.023991310679611647,-0.153,-0.0406,-0.0297,-0.102,-0.197,-0.181,-0.0762,-0.008254679611650486,-0.0705,0.0225,-0.109,-0.175
2022,11,4,-0.0735,-0.175,-0.0538,-0.031,-0.023380155339805826,-0.043,-0.0975,-0.04398667961165049,-0.182,-0.0572,-0.036,-0.023991310679611647,-0.165,-0.041,-0.0348,-0.104,-0.2,-0.19,-0.0757,-0.008254679611650486,-0.0724,0.0189,-0.111,-0.179
2022,11,11,-0.0757,-0.183,-0.0539,-0.0347,-0.023380155339805826,-0.0448,-0.101,-0.04398667961165049,-0.191,-0.0574,-0.0396,-0.023991310679611647,-0.174,-0.0424,-0.0391,-0.105,-0.203,-0.197,-0.0753,-0.008254679611650486,-0.0735,0.0158,-0.112,-0.183
2022,11,18,-0.078,-0.183,-0.0591,-0.0381,-0.023380155339805826,-0.0491,-0.104,-0.04398667961165049,-0.191,-0.0627,-0.043,-0.023991310679611647,-0.173,-0.047,-0.0427,-0.106,-0.207,-0.192,-0.0801,-0.008254679611650486,-0.0743,0.0134,-0.116,-0.186
2022,11,25,-0.0813,-0.183,-0.0603,-0.0428,-0.023380155339805826,-0.052,-0.105,-0.04398667961165049,-0.191,-0.0639,-0.0478,-0.023991310679611647,-0.171,-0.046,-0.047,-0.108,-0.213,-0.193,-0.0822,-0.008254679611650486,-0.0756,0.0124,-0.122,-0.192
2022,12,2,-0.0822,-0.176,-0.0633,-0.0412,-0.023380155339805826,-0.0528,-0.104,-0.04398667961165049,-0.183,-0.067,-0.0463,-0.023991310679611647,-0.161,-0.0478,-0.0449,-0.11,-0.217,-0.19,-0.0843,-0.008254679611650486,-0.0773,0.0152,-0.122,-0.196
2022,12,9,-0.084,-0.167,-0.0701,-0.0441,-0.023380155339805826,-0.0578,-0.105,-0.04398667961165049,-0.174,-0.0738,-0.0491,-0.023991310679611647,-0.152,-0.0543,-0.0481,-0.113,-0.22,-0.187,-0.0903,-0.008254679611650486,-0.0794,0.015,-0.124,-0.199
2022,12,16,-0.0862,-0.165,-0.0734,-0.0495,-0.023380155339805826,-0.062,-0.107,-0.04398667961165049,-0.172,-0.0773,-0.0545,-0.023991310679611647,-0.149,-0.0587,-0.0539,-0.113,-0.226,-0.187,-0.093,-0.008254679611650486,-0.078,0.0114,-0.127,-0.205
2022,12,23,-0.0808,-0.17,-0.0585,-0.0473,-0.023380155339805826,-0.0532,-0.0986,-0.04398667961165049,-0.176,-0.063,-0.0524,-0.023991310679611647,-0.153,-0.0457,-0.0516,-0.108,-0.229,-0.192,-0.0836,-0.008254679611650486,-0.0725,0.0182,-0.117,-0.206
2022,12,30,-0.079,-0.17,-0.0507,-0.0493,-0.023380155339805826,-0.0501,-0.0937,-0.04398667961165049,-0.176,-0.056,-0.0545,-0.023991310679611647,-0.159,-0.0384,-0.0536,-0.106,-0.226,-0.188,-0.0817,-0.008254679611650486,-0.0708,0.0208,-0.115,-0.203
2023,1,6,-0.0792,-0.167,-0.0569,-0.0472,-0.023380155339805826,-0.0523,-0.0966,-0.04398667961165049,-0.173,-0.0626,-0.0526,-0.023991310679611647,-0.163,-0.0454,-0.0527,-0.108,-0.22,-0.184,-0.086,-0.008254679611650486,-0.0702,0.0205,-0.12,-0.199
2023,1,13,-0.0754,-0.159,-0.0562,-0.0392,-0.023380155339805826,-0.0482,-0.0932,-0.04398667961165049,-0.165,-0.0618,-0.0446,-0.023991310679611647,-0.158,-0.044,-0.0449,-0.108,-0.214,-0.182,-0.0856,-0.008254679611650486,-0.0697,0.0263,-0.115,-0.193
2023,1,20,-0.073,-0.15,-0.0546,-0.0339,-0.023380155339805826,-0.0447,-0.0889,-0.04398667961165049,-0.156,-0.06,-0.0392,-0.023991310679611647,-0.152,-0.0407,-0.0385,-0.108,-0.212,-0.176,-0.084,-0.008254679611650486,-0.069,0.0298,-0.111,-0.191
2023,1,27,-0.0711,-0.142,-0.0536,-0.0317,-0.023380155339805826,-0.0432,-0.0855,-0.04398667961165049,-0.149,-0.059,-0.0371,-0.023991310679611647,-0.146,-0.0379,-0.035,-0.106,-0.213,-0.168,-0.0847,-0.008254679611650486,-0.0678,0.034,-0.109,-0.19
2023,2,3,-0.0694,-0.142,-0.0525,-0.0287,-0.023380155339805826,-0.0412,-0.0849,-0.04398667961165049,-0.149,-0.0579,-0.0343,-0.023991310679611647,-0.148,-0.0367,-0.0318,-0.105,-0.213,-0.174,-0.0836,-0.008254679611650486,-0.0679,0.0364,-0.106,-0.19
2023,2,10,-0.0672,-0.141,-0.0512,-0.0266,-0.023380155339805826,-0.0395,-0.0837,-0.04398667961165049,-0.148,-0.0566,-0.0322,-0.023991310679611647,-0.148,-0.0355,-0.0298,-0.105,-0.212,-0.178,-0.0816,-0.008254679611650486,-0.0679,0.0386,-0.101,-0.188
2023,2,17,-0.0655,-0.138,-0.051,-0.0261,-0.023380155339805826,-0.0392,-0.0825,-0.04398667961165049,-0.145,-0.0564,-0.0318,-0.023991310679611647,-0.144,-0.0344,-0.0302,-0.102,-0.209,-0.171,-0.0804,-0.008254679611650486,-0.0659,0.0401,-0.099,-0.186
2023,2,24,-0.0672,-0.137,-0.0539,-0.0299,-0.023380155339805826,-0.0426,-0.084,-0.04398667961165049,-0.144,-0.0593,-0.0357,-0.023991310679611647,-0.142,-0.0367,-0.0347,-0.103,-0.211,-0.166,-0.0854,-0.008254679611650486,-0.0669,0.039,-0.102,-0.187
2023,3,3,-0.069,-0.139,-0.0576,-0.0302,-0.023380155339805826,-0.0446,-0.0869,-0.04398667961165049,-0.146,-0.063,-0.0359,-0.023991310679611647,-0.146,-0.0406,-0.0357,-0.107,-0.212,-0.173,-0.0897,-0.008254679611650486,-0.0696,0.0372,-0.105,-0.188
2023,3,10,-0.0702,-0.141,-0.0586,-0.0292,-0.023380155339805826,-0.0447,-0.0882,-0.04398667961165049,-0.147,-0.0641,-0.0348,-0.023991310679611647,-0.149,-0.0424,-0.0343,-0.108,-0.211,-0.176,-0.0886,-0.008254679611650486,-0.0712,0.0355,-0.108,-0.186
2023,3,17,-0.0722,-0.14,-0.0601,-0.0284,-0.023380155339805826,-0.0451,-0.0888,-0.04398667961165049,-0.146,-0.0656,-0.0341,-0.023991310679611647,-0.148,-0.0437,-0.033,-0.106,-0.212,-0.169,-0.0848,-0.008254679611650486,-0.0701,0.0322,-0.113,-0.187
2023,3,24,-0.0748,-0.135,-0.0618,-0.029,-0.023380155339805826,-0.0462,-0.088,-0.04398667961165049,-0.141,-0.0672,-0.0345,-0.023991310679611647,-0.144,-0.0446,-0.0328,-0.105,-0.213,-0.158,-0.0851,-0.008254679611650486,-0.0708,0.0304,-0.119,-0.188
2023,3,31,-0.0763,-0.132,-0.0631,-0.0307,-0.023380155339805826,-0.0477,-0.0878,-0.04398667961165049,-0.138,-0.0684,-0.0362,-0.023991310679611647,-0.14,-0.0449,-0.0342,-0.107,-0.209,-0.155,-0.0891,-0.008254679611650486,-0.0739,0.0307,-0.123,-0.185
2023,4,7,-0.0733,-0.133,-0.0623,-0.0299,-0.023380155339805826,-0.0469,-0.0878,-0.04398667961165049,-0.14,-0.0678,-0.0355,-0.023991310679611647,-0.14,-0.0433,-0.0336,-0.109,-0.208,-0.161,-0.0925,-0.008254679611650486,-0.0742,0.0357,-0.119,-0.184
2023,4,14,-0.068,-0.131,-0.058,-0.026,-0.023380155339805826,-0.0428,-0.0842,-0.04398667961165049,-0.138,-0.0635,-0.0319,-0.023991310679611647,-0.138,-0.0388,-0.0306,-0.106,-0.207,-0.161,-0.0901,-0.008254679611650486,-0.07,0.0429,-0.114,-0.181
2023,4,21,-0.065,-0.125,-0.0555,-0.0219,-0.023380155339805826,-0.0395,-0.0804,-0.04398667961165049,-0.132,-0.0609,-0.0278,-0.023991310679611647,-0.133,-0.0365,-0.0276,-0.104,-0.201,-0.159,-0.0864,-0.008254679611650486,-0.0672,0.047,-0.113,-0.176
2023,4,28,-0.0634,-0.117,-0.0545,-0.0188,-0.023380155339805826,-0.0375,-0.0772,-0.04398667961165049,-0.124,-0.06,-0.0246,-0.023991310679611647,-0.126,-0.0355,-0.0248,-0.102,-0.196,-0.154,-0.0851,-0.008254679611650486,-0.0663,0.0484,-0.112,-0.171
2023,5,5,-0.0627,-0.114,-0.054,-0.0155,-0.023380155339805826,-0.0357,-0.0758,-0.04398667961165049,-0.121,-0.0595,-0.0213,-0.023991310679611647,-0.122,-0.0363,-0.022,-0.101,-0.192,-0.15,-0.0829,-0.008254679611650486,-0.0667,0.0487,-0.112,-0.167
2023,5,12,-0.0629,-0.113,-0.0534,-0.0157,-0.023380155339805826,-0.0355,-0.0747,-0.04398667961165049,-0.12,-0.0588,-0.0217,-0.023991310679611647,-0.12,-0.0359,-0.0231,-0.101,-0.191,-0.145,-0.0825,-0.008254679611650486,-0.0672,0.0481,-0.114,-0.165
2023,5,19,-0.0653,-0.11,-0.055,-0.0193,-0.023380155339805826,-0.0381,-0.0749,-0.04398667961165049,-0.117,-0.0604,-0.0254,-0.023991310679611647,-0.117,-0.0361,-0.0269,-0.101,-0.19,-0.139,-0.0823,-0.008254679611650486,-0.0677,0.0454,-0.121,-0.164
2023,5,26,-0.066,-0.107,-0.0543,-0.0229,-0.023380155339805826,-0.0394,-0.0733,-0.04398667961165049,-0.114,-0.0596,-0.0291,-0.023991310679611647,-0.111,-0.0347,-0.0304,-0.0997,-0.186,-0.134,-0.083,-0.008254679611650486,-0.0669,0.0427,-0.125,-0.159
2023,6,2,-0.0629,-0.108,-0.0478,-0.0244,-0.023380155339805826,-0.0367,-0.0694,-0.04398667961165049,-0.115,-0.053,-0.0309,-0.023991310679611647,-0.109,-0.0284,-0.0316,-0.0969,-0.181,-0.135,-0.0825,-0.008254679611650486,-0.0651,0.0448,-0.122,-0.152
2023,6,9,-0.0612,-0.108,-0.0449,-0.0225,-0.023380155339805826,-0.0343,-0.0679,-0.04398667961165049,-0.115,-0.0502,-0.0291,-0.023991310679611647,-0.108,-0.025,-0.0297,-0.0967,-0.179,-0.139,-0.0812,-0.008254679611650486,-0.0643,0.0471,-0.121,-0.147
2023,6,16,-0.0634,-0.106,-0.0486,-0.0198,-0.023380155339805826,-0.0349,-0.0692,-0.04398667961165049,-0.112,-0.0539,-0.0264,-0.023991310679611647,-0.105,-0.0261,-0.0275,-0.0965,-0.18,-0.136,-0.0771,-0.008254679611650486,-0.0641,0.0436,-0.127,-0.148
2023,6,23,-0.0655,-0.104,-0.0496,-0.0227,-0.023380155339805826,-0.0369,-0.0692,-0.04398667961165049,-0.11,-0.0549,-0.0293,-0.023991310679611647,-0.101,-0.026,-0.0292,-0.0953,-0.181,-0.132,-0.0746,-0.008254679611650486,-0.0646,0.0412,-0.132,-0.147
2023,6,30,-0.0677,-0.106,-0.0514,-0.0289,-0.023380155339805826,-0.0407,-0.0712,-0.04398667961165049,-0.113,-0.0566,-0.0356,-0.023991310679611647,-0.103,-0.028,-0.0346,-0.0984,-0.184,-0.138,-0.0791,-0.008254679611650486,-0.0687,0.0408,-0.135,-0.148
2023,7,7,-0.0708,-0.114,-0.0544,-0.0381,-0.023380155339805826,-0.0467,-0.076,-0.04398667961165049,-0.121,-0.0596,-0.0449,-0.023991310679611647,-0.109,-0.0318,-0.0439,-0.103,-0.19,-0.149,-0.0854,-0.008254679611650486,-0.0728,0.0385,-0.139,-0.154
2023,7,14,-0.0718,-0.117,-0.0561,-0.0394,-0.023380155339805826,-0.0481,-0.0779,-0.04398667961165049,-0.123,-0.0613,-0.0462,-0.023991310679611647,-0.11,-0.0335,-0.0455,-0.105,-0.192,-0.151,-0.0877,-0.008254679611650486,-0.0746,0.037,-0.141,-0.156
2023,7,21,-0.0708,-0.105,-0.0572,-0.0335,-0.023380155339805826,-0.0459,-0.0745,-0.04398667961165049,-0.112,-0.0623,-0.0405,-0.023991310679611647,-0.0998,-0.0337,-0.0401,-0.103,-0.188,-0.138,-0.0859,-0.008254679611650486,-0.0741,0.0374,-0.139,-0.153
2023,7,28,-0.0723,-0.0994,-0.059,-0.0346,-0.023380155339805826,-0.0474,-0.0736,-0.04398667961165049,-0.106,-0.0641,-0.0416,-0.023991310679611647,-0.0946,-0.0358,-0.0405,-0.104,-0.189,-0.131,-0.0888,-0.008254679611650486,-0.0757,0.0348,-0.14,-0.153
2023,8,4,-0.0777,-0.105,-0.0662,-0.0381,-0.023380155339805826,-0.0529,-0.0804,-0.04398667961165049,-0.112,-0.0713,-0.0451,-0.023991310679611647,-0.103,-0.0447,-0.0445,-0.11,-0.192,-0.139,-0.0942,-0.008254679611650486,-0.0804,0.0288,-0.147,-0.158
2023,8,11,-0.0839,-0.113,-0.0747,-0.0416,-0.023380155339805826,-0.059,-0.0886,-0.04398667961165049,-0.12,-0.0798,-0.0486,-0.023991310679611647,-0.113,-0.055,-0.0492,-0.117,-0.196,-0.149,-0.0997,-0.008254679611650486,-0.0856,0.0219,-0.156,-0.165
2023,8,18,-0.086,-0.118,-0.0783,-0.0406,-0.023380155339805826,-0.0604,-0.0926,-0.04398667961165049,-0.125,-0.0835,-0.0477,-0.023991310679611647,-0.119,-0.0599,-0.0483,-0.12,-0.202,-0.151,-0.102,-0.008254679611650486,-0.0872,0.0188,-0.156,-0.172
2023,8,25,-0.0875,-0.118,-0.0845,-0.0394,-0.023380155339805826,-0.0631,-0.0965,-0.04398667961165049,-0.125,-0.0897,-0.0465,-0.023991310679611647,-0.121,-0.066,-0.047,-0.123,-0.211,-0.149,-0.108,-0.008254679611650486,-0.0892,0.0173,-0.153,-0.183
2023,9,1,-0.0911,-0.12,-0.0934,-0.0428,-0.023380155339805826,-0.0694,-0.103,-0.04398667961165049,-0.127,-0.0984,-0.0499,-0.023991310679611647,-0.123,-0.075,-0.0508,-0.129,-0.222,-0.153,-0.118,-0.008254679611650486,-0.0934,0.0119,-0.15,-0.194
2023,9,8,-0.091,-0.126,-0.0947,-0.043,-0.023380155339805826,-0.0701,-0.106,-0.04398667961165049,-0.133,-0.0996,-0.0499,-0.023991310679611647,-0.129,-0.0776,-0.0509,-0.133,-0.228,-0.163,-0.122,-0.008254679611650486,-0.0943,0.0115,-0.145,-0.2
2023,9,15,-0.0886,-0.127,-0.0934,-0.0384,-0.023380155339805826,-0.0673,-0.106,-0.04398667961165049,-0.134,-0.0982,-0.0453,-0.023991310679611647,-0.132,-0.0768,-0.0461,-0.131,-0.228,-0.159,-0.119,-0.008254679611650486,-0.0919,0.015,-0.14,-0.201
2023,9,22,-0.0878,-0.125,-0.0961,-0.0335,-0.023380155339805826,-0.0664,-0.106,-0.04398667961165049,-0.132,-0.101,-0.0405,-0.023991310679611647,-0.133,-0.0787,-0.0416,-0.128,-0.229,-0.153,-0.116,-0.008254679611650486,-0.0911,0.0167,-0.137,-0.202
2023,9,29,-0.0898,-0.127,-0.1,-0.0339,-0.023380155339805826,-0.0689,-0.11,-0.04398667961165049,-0.134,-0.105,-0.0409,-0.023991310679611647,-0.135,-0.0827,-0.0424,-0.13,-0.232,-0.157,-0.117,-0.008254679611650486,-0.0944,0.0144,-0.137,-0.205
2023,10,6,-0.092,-0.13,-0.104,-0.0361,-0.023380155339805826,-0.0719,-0.113,-0.04398667961165049,-0.137,-0.109,-0.0431,-0.023991310679611647,-0.139,-0.0868,-0.0449,-0.131,-0.235,-0.159,-0.12,-0.008254679611650486,-0.0964,0.0121,-0.137,-0.208
2023,10,13,-0.0934,-0.133,-0.106,-0.0366,-0.023380155339805826,-0.0732,-0.116,-0.04398667961165049,-0.14,-0.111,-0.0435,-0.023991310679611647,-0.142,-0.0885,-0.0454,-0.131,-0.24,-0.157,-0.119,-0.008254679611650486,-0.0961,0.0127,-0.136,-0.212
2023,10,20,-0.0959,-0.137,-0.11,-0.0367,-0.023380155339805826,-0.0749,-0.12,-0.04398667961165049,-0.145,-0.114,-0.0435,-0.023991310679611647,-0.145,-0.09,-0.0451,-0.131,-0.246,-0.162,-0.116,-0.008254679611650486,-0.0949,0.011,-0.139,-0.218
2023,10,27,-0.0983,-0.143,-0.113,-0.0366,-0.023380155339805826,-0.0767,-0.124,-0.04398667961165049,-0.15,-0.118,-0.0434,-0.023991310679611647,-0.151,-0.0926,-0.0446,-0.132,-0.249,-0.165,-0.116,-0.008254679611650486,-0.096,0.00854,-0.14,-0.222
2023,11,3,-0.0999,-0.148,-0.114,-0.0393,-0.023380155339805826,-0.0786,-0.126,-0.04398667961165049,-0.155,-0.119,-0.0459,-0.023991310679611647,-0.156,-0.0943,-0.0467,-0.134,-0.252,-0.167,-0.119,-0.008254679611650486,-0.0989,0.00792,-0.138,-0.225
2023,11,10,-0.107,-0.154,-0.121,-0.0482,-0.023380155339805826,-0.0865,-0.133,-0.04398667961165049,-0.161,-0.126,-0.0547,-0.023991310679611647,-0.163,-0.103,-0.0565,-0.137,-0.255,-0.17,-0.124,-0.008254679611650486,-0.105,-0.00197,-0.144,-0.229
2023,11,17,-0.115,-0.162,-0.13,-0.0589,-0.023380155339805826,-0.0963,-0.141,-0.04398667961165049,-0.169,-0.135,-0.0654,-0.023991310679611647,-0.17,-0.113,-0.0683,-0.141,-0.26,-0.17,-0.129,-0.008254679611650486,-0.109,-0.0133,-0.158,-0.235
2023,11,24,-0.114,-0.159,-0.127,-0.0631,-0.023380155339805826,-0.0965,-0.138,-0.04398667961165049,-0.166,-0.131,-0.0698,-0.023991310679611647,-0.164,-0.108,-0.0718,-0.142,-0.266,-0.167,-0.132,-0.008254679611650486,-0.107,-0.00928,-0.16,-0.24
2023,12,1,-0.11,-0.153,-0.121,-0.0564,-0.023380155339805826,-0.0906,-0.133,-0.04398667961165049,-0.16,-0.126,-0.0632,-0.023991310679611647,-0.157,-0.102,-0.065,-0.142,-0.27,-0.167,-0.13,-0.008254679611650486,-0.103,-0.00174,-0.152,-0.242
2023,12,8,-0.11,-0.154,-0.122,-0.054,-0.023380155339805826,-0.0897,-0.133,-0.04398667961165049,-0.161,-0.127,-0.0608,-0.023991310679611647,-0.158,-0.102,-0.0635,-0.146,-0.271,-0.178,-0.132,-0.008254679611650486,-0.104,-0.00118,-0.152,-0.242
2023,12,15,-0.109,-0.154,-0.121,-0.0566,-0.023380155339805826,-0.0902,-0.133,-0.04398667961165049,-0.161,-0.126,-0.0632,-0.023991310679611647,-0.155,-0.1,-0.0658,-0.147,-0.272,-0.186,-0.134,-0.008254679611650486,-0.103,0.000226,-0.152,-0.243
2023,12,22,-0.102,-0.144,-0.114,-0.0521,-0.023380155339805826,-0.0844,-0.124,-0.04398667961165049,-0.151,-0.119,-0.0588,-0.023991310679611647,-0.143,-0.0936,-0.0614,-0.138,-0.274,-0.174,-0.127,-0.008254679611650486,-0.0954,0.0112,-0.142,-0.244
2023,12,29,-0.0992,-0.135,-0.113,-0.0539,-0.023380155339805826,-0.0849,-0.121,-0.04398667961165049,-0.142,-0.118,-0.0609,-0.023991310679611647,-0.136,-0.0936,-0.0631,-0.133,-0.274,-0.157,-0.128,-0.008254679611650486,-0.0919,0.0169,-0.138,-0.244
2024,1,5,-0.102,-0.136,-0.12,-0.0564,-0.023380155339805826,-0.0896,-0.126,-0.04398667961165049,-0.144,-0.125,-0.0635,-0.023991310679611647,-0.144,-0.102,-0.0657,-0.133,-0.272,-0.153,-0.132,-0.008254679611650486,-0.0929,0.0145,-0.146,-0.244
2024,1,12,-0.101,-0.133,-0.121,-0.0505,-0.023380155339805826,-0.0873,-0.125,-0.04398667961165049,-0.141,-0.126,-0.0575,-0.023991310679611647,-0.146,-0.103,-0.0602,-0.137,-0.271,-0.159,-0.131,-0.008254679611650486,-0.0945,0.0175,-0.145,-0.244
